{"devicePlatform":"","logFolder":"/Users/minhhoang/Workspace/WorkSpace/Docker/Katalon-Container/Sample Katalon/TestSample/Reports/GUI/20180122_095458","runData":{"hostName":"minhhoang - 192.168.10.100","hostAddress":"192.168.10.100","os":"Mac OS X 64bit","katalonVersion":"5.2.0.1"},"type":"TEST_SUITE","name":"GUI","id":"Test Suites/GUI","source":"","message":"Test Cases/TC_03 FAILED because (of) Unable to open browser with url: \u0027\u0027 (Root cause: org.openqa.selenium.WebDriverException: Cannot find firefox binary in PATH. Make sure firefox is installed. OS appears to be: MAC\nBuild info: version: \u00273.7.1\u0027, revision: \u00278a0099a\u0027, time: \u00272017-11-06T21:07:36.161Z\u0027\nSystem info: host: \u0027C02VR2N7HV2H.local\u0027, ip: \u0027fe80:0:0:0:8a1:b021:aab7:1dda%en0\u0027, os.name: \u0027Mac OS X\u0027, os.arch: \u0027x86_64\u0027, os.version: \u002710.13.2\u0027, java.version: \u00271.8.0_102\u0027\nDriver info: driver.version: unknown)","description":"","startTime":1516589701533,"endTime":1516589703496,"childRecords":[{"isOptional":false,"type":"TEST_CASE","name":"Test Cases/TC_03","id":"Test Cases/TC_03","source":"\\\\Users\\\\minhhoang\\\\Workspace\\\\WorkSpace\\\\Docker\\\\Katalon-Container\\\\Sample Katalon\\\\TestSampleTest Cases\\\\TC_03.tc","message":"Test Cases/TC_03 FAILED because (of) Unable to open browser with url: \u0027\u0027 (Root cause: org.openqa.selenium.WebDriverException: Cannot find firefox binary in PATH. Make sure firefox is installed. OS appears to be: MAC\nBuild info: version: \u00273.7.1\u0027, revision: \u00278a0099a\u0027, time: \u00272017-11-06T21:07:36.161Z\u0027\nSystem info: host: \u0027C02VR2N7HV2H.local\u0027, ip: \u0027fe80:0:0:0:8a1:b021:aab7:1dda%en0\u0027, os.name: \u0027Mac OS X\u0027, os.arch: \u0027x86_64\u0027, os.version: \u002710.13.2\u0027, java.version: \u00271.8.0_102\u0027\nDriver info: driver.version: unknown)","description":"","startTime":1516589701926,"endTime":1516589703457,"childRecords":[{"testStatus":{"stackTrace":"","statusValue":"INFO"},"type":"MESSAGE","name":"","message":"Evaluating variables for test case","startTime":1516589702175,"endTime":0,"childRecords":[],"interuppted":false},{"index":1,"isIgnoredIfFailed":false,"type":"TEST_STEP","name":"Statement - println(\"This is sample test to run in docker\")","description":"","startTime":1516589702647,"endTime":1516589702656,"childRecords":[],"interuppted":false},{"index":2,"isIgnoredIfFailed":false,"type":"TEST_STEP","name":"openBrowser","message":"Unable to open browser with url: \u0027\u0027 (Root cause: org.openqa.selenium.WebDriverException: Cannot find firefox binary in PATH. Make sure firefox is installed. OS appears to be: MAC\nBuild info: version: \u00273.7.1\u0027, revision: \u00278a0099a\u0027, time: \u00272017-11-06T21:07:36.161Z\u0027\nSystem info: host: \u0027C02VR2N7HV2H.local\u0027, ip: \u0027fe80:0:0:0:8a1:b021:aab7:1dda%en0\u0027, os.name: \u0027Mac OS X\u0027, os.arch: \u0027x86_64\u0027, os.version: \u002710.13.2\u0027, java.version: \u00271.8.0_102\u0027\nDriver info: driver.version: unknown)","description":"","startTime":1516589702657,"endTime":1516589703454,"childRecords":[{"testStatus":{"stackTrace":"","statusValue":"FAILED"},"type":"MESSAGE","name":"","message":"Unable to open browser with url: \u0027\u0027 (Root cause: org.openqa.selenium.WebDriverException: Cannot find firefox binary in PATH. Make sure firefox is installed. OS appears to be: MAC\nBuild info: version: \u00273.7.1\u0027, revision: \u00278a0099a\u0027, time: \u00272017-11-06T21:07:36.161Z\u0027\nSystem info: host: \u0027C02VR2N7HV2H.local\u0027, ip: \u0027fe80:0:0:0:8a1:b021:aab7:1dda%en0\u0027, os.name: \u0027Mac OS X\u0027, os.arch: \u0027x86_64\u0027, os.version: \u002710.13.2\u0027, java.version: \u00271.8.0_102\u0027\nDriver info: driver.version: unknown)","startTime":1516589703451,"endTime":0,"childRecords":[],"interuppted":false}],"interuppted":false},{"testStatus":{"stackTrace":"","statusValue":"FAILED"},"type":"MESSAGE","name":"","message":"Test Cases/TC_03 FAILED because (of) Unable to open browser with url: \u0027\u0027 (Root cause: org.openqa.selenium.WebDriverException: Cannot find firefox binary in PATH. Make sure firefox is installed. OS appears to be: MAC\nBuild info: version: \u00273.7.1\u0027, revision: \u00278a0099a\u0027, time: \u00272017-11-06T21:07:36.161Z\u0027\nSystem info: host: \u0027C02VR2N7HV2H.local\u0027, ip: \u0027fe80:0:0:0:8a1:b021:aab7:1dda%en0\u0027, os.name: \u0027Mac OS X\u0027, os.arch: \u0027x86_64\u0027, os.version: \u002710.13.2\u0027, java.version: \u00271.8.0_102\u0027\nDriver info: driver.version: unknown)","startTime":1516589703455,"endTime":0,"childRecords":[],"interuppted":false}],"interuppted":false}],"interuppted":false}