{"devicePlatform":"","logFolder":"/Users/minhhoang/Workspace/WorkSpace/Docker/Katalon-Container/TestSample/Reports/Non-GUI/20180124_144659","runData":{"hostName":"minhhoang - 192.168.10.100","hostAddress":"192.168.10.100","os":"Mac OS X 64bit","katalonVersion":"5.2.0.1"},"type":"TEST_SUITE","name":"Non-GUI","id":"Test Suites/Non-GUI","source":"","message":"Test Cases/TC_02 FAILED because (of) Unable to verify equal between actual object \u00271\u0027 and expected object \u00272\u0027 (Root cause: Actual object \u00271\u0027 and expected object \u00272\u0027 are not equal)","description":"","startTime":1516780024062,"endTime":1516780025328,"childRecords":[{"isOptional":false,"type":"TEST_CASE","name":"Test Cases/TC_01","id":"Test Cases/TC_01","source":"\\\\Users\\\\minhhoang\\\\Workspace\\\\WorkSpace\\\\Docker\\\\Katalon-Container\\\\TestSampleTest Cases\\\\TC_01.tc","message":"Test Cases/TC_01","description":"","startTime":1516780024424,"endTime":1516780025059,"childRecords":[{"testStatus":{"stackTrace":"","statusValue":"INFO"},"type":"MESSAGE","name":"","message":"Evaluating variables for test case","startTime":1516780024611,"endTime":0,"childRecords":[],"interuppted":false},{"index":1,"isIgnoredIfFailed":false,"type":"TEST_STEP","name":"Statement - println(\"This is sample test to run in docker\")","description":"","startTime":1516780024983,"endTime":1516780024989,"childRecords":[],"interuppted":false},{"index":2,"isIgnoredIfFailed":false,"type":"TEST_STEP","name":"verifyEqual","message":"Actual object \u00271\u0027 and expected object \u00271\u0027 are equal","description":"","startTime":1516780024990,"endTime":1516780025058,"childRecords":[{"testStatus":{"stackTrace":"","statusValue":"PASSED"},"type":"MESSAGE","name":"","message":"Actual object \u00271\u0027 and expected object \u00271\u0027 are equal","startTime":1516780025057,"endTime":0,"childRecords":[],"interuppted":false}],"interuppted":false},{"testStatus":{"stackTrace":"","statusValue":"PASSED"},"type":"MESSAGE","name":"","message":"Test Cases/TC_01","startTime":1516780025058,"endTime":0,"childRecords":[],"interuppted":false}],"interuppted":false},{"isOptional":false,"type":"TEST_CASE","name":"Test Cases/TC_02","id":"Test Cases/TC_02","source":"\\\\Users\\\\minhhoang\\\\Workspace\\\\WorkSpace\\\\Docker\\\\Katalon-Container\\\\TestSampleTest Cases\\\\TC_02.tc","message":"Test Cases/TC_02 FAILED because (of) Unable to verify equal between actual object \u00271\u0027 and expected object \u00272\u0027 (Root cause: Actual object \u00271\u0027 and expected object \u00272\u0027 are not equal)","description":"","startTime":1516780025114,"endTime":1516780025288,"childRecords":[{"testStatus":{"stackTrace":"","statusValue":"INFO"},"type":"MESSAGE","name":"","message":"Evaluating variables for test case","startTime":1516780025124,"endTime":0,"childRecords":[],"interuppted":false},{"index":1,"isIgnoredIfFailed":false,"type":"TEST_STEP","name":"Statement - println(\"This is sample test to run in docker\")","description":"","startTime":1516780025273,"endTime":1516780025280,"childRecords":[],"interuppted":false},{"index":2,"isIgnoredIfFailed":false,"type":"TEST_STEP","name":"verifyEqual","message":"Unable to verify equal between actual object \u00271\u0027 and expected object \u00272\u0027 (Root cause: Actual object \u00271\u0027 and expected object \u00272\u0027 are not equal)","description":"","startTime":1516780025281,"endTime":1516780025286,"childRecords":[{"testStatus":{"stackTrace":"","statusValue":"FAILED"},"type":"MESSAGE","name":"","message":"Unable to verify equal between actual object \u00271\u0027 and expected object \u00272\u0027 (Root cause: Actual object \u00271\u0027 and expected object \u00272\u0027 are not equal)","startTime":1516780025285,"endTime":0,"childRecords":[],"interuppted":false}],"interuppted":false},{"testStatus":{"stackTrace":"","statusValue":"FAILED"},"type":"MESSAGE","name":"","message":"Test Cases/TC_02 FAILED because (of) Unable to verify equal between actual object \u00271\u0027 and expected object \u00272\u0027 (Root cause: Actual object \u00271\u0027 and expected object \u00272\u0027 are not equal)","startTime":1516780025287,"endTime":0,"childRecords":[],"interuppted":false}],"interuppted":false}],"interuppted":false}