{"devicePlatform":"","logFolder":"/Users/minhhoang/Workspace/WorkSpace/Docker/Katalon-Container/Sample Katalon/TestSample/Reports/GUI/20180122_095434","runData":{"hostName":"minhhoang - 192.168.10.100","os":"Mac OS X 64bit","katalonVersion":"5.2.0.1","browser":"Chrome 63.0.3239.132","hostAddress":"192.168.10.100","sessionId":"38c6591edb73e20ebbd2948fe9fd54dc","seleniumVersion":"3.7.1","proxyInformation":"ProxyInformation{proxyOption\u003dNO_PROXY, proxyServerType\u003dHTTP, password\u003d, proxyServerAddress\u003d, proxyServerPort\u003d0}","platform":"Mac OS X"},"type":"TEST_SUITE","name":"GUI","id":"Test Suites/GUI","source":"","message":"Test Cases/TC_03","description":"","startTime":1516589678165,"endTime":1516589689852,"childRecords":[{"isOptional":false,"type":"TEST_CASE","name":"Test Cases/TC_03","id":"Test Cases/TC_03","source":"\\\\Users\\\\minhhoang\\\\Workspace\\\\WorkSpace\\\\Docker\\\\Katalon-Container\\\\Sample Katalon\\\\TestSampleTest Cases\\\\TC_03.tc","message":"Test Cases/TC_03","description":"","startTime":1516589678529,"endTime":1516589689821,"childRecords":[{"testStatus":{"stackTrace":"","statusValue":"INFO"},"type":"MESSAGE","name":"","message":"Evaluating variables for test case","startTime":1516589678775,"endTime":0,"childRecords":[],"interuppted":false},{"index":1,"isIgnoredIfFailed":false,"type":"TEST_STEP","name":"Statement - println(\"This is sample test to run in docker\")","description":"","startTime":1516589679219,"endTime":1516589679223,"childRecords":[],"interuppted":false},{"index":2,"isIgnoredIfFailed":false,"type":"TEST_STEP","name":"openBrowser","message":"Browser is opened with url: \u0027\u0027","description":"","startTime":1516589679223,"endTime":1516589683741,"childRecords":[{"testStatus":{"stackTrace":"","statusValue":"PASSED"},"type":"MESSAGE","name":"","message":"Browser is opened with url: \u0027\u0027","startTime":1516589683740,"endTime":0,"childRecords":[],"interuppted":false}],"interuppted":false},{"index":3,"isIgnoredIfFailed":false,"type":"TEST_STEP","name":"navigateToUrl","message":"Navigate to \u0027https://tinhte.vn/\u0027 successfully","description":"","startTime":1516589683741,"endTime":1516589689569,"childRecords":[{"testStatus":{"stackTrace":"","statusValue":"PASSED"},"type":"MESSAGE","name":"","message":"Navigate to \u0027https://tinhte.vn/\u0027 successfully","startTime":1516589689569,"endTime":0,"childRecords":[],"interuppted":false}],"interuppted":false},{"index":4,"isIgnoredIfFailed":false,"type":"TEST_STEP","name":"Statement - title \u003d com.kms.katalon.core.webui.keyword.WebUiBuiltInKeywords.getWindowTitle()","message":"Current window\u0027s title is: \u0027Cộng đồng Khoa học \u0026 Công nghệ | Tinhte.vn\u0027","description":"","startTime":1516589689570,"endTime":1516589689625,"childRecords":[{"testStatus":{"stackTrace":"","statusValue":"PASSED"},"type":"MESSAGE","name":"","message":"Current window\u0027s title is: \u0027Cộng đồng Khoa học \u0026 Công nghệ | Tinhte.vn\u0027","startTime":1516589689625,"endTime":0,"childRecords":[],"interuppted":false}],"interuppted":false},{"index":5,"isIgnoredIfFailed":false,"type":"TEST_STEP","name":"Statement - println(\"Page title is \" + title)","description":"","startTime":1516589689626,"endTime":1516589689627,"childRecords":[],"interuppted":false},{"index":6,"isIgnoredIfFailed":false,"type":"TEST_STEP","name":"closeBrowser","message":"Browser is closed","description":"","startTime":1516589689627,"endTime":1516589689820,"childRecords":[{"testStatus":{"stackTrace":"","statusValue":"PASSED"},"type":"MESSAGE","name":"","message":"Browser is closed","startTime":1516589689820,"endTime":0,"childRecords":[],"interuppted":false}],"interuppted":false},{"testStatus":{"stackTrace":"","statusValue":"PASSED"},"type":"MESSAGE","name":"","message":"Test Cases/TC_03","startTime":1516589689821,"endTime":0,"childRecords":[],"interuppted":false}],"interuppted":false}],"interuppted":false}