{"devicePlatform":"","logFolder":"/Users/minhhoang/Workspace/WorkSpace/Docker/Katalon-Container/Sample Katalon/TestSample/Reports/GUI/20180122_095313","runData":{"hostName":"minhhoang - 192.168.10.100","hostAddress":"192.168.10.100","os":"Mac OS X 64bit","katalonVersion":"5.2.0.1"},"type":"TEST_SUITE","name":"GUI","id":"Test Suites/GUI","source":"","description":"","startTime":1516589596153,"endTime":1516589597870,"childRecords":[{"isOptional":false,"type":"TEST_CASE","name":"Test Cases/TC_03","id":"Test Cases/TC_03","source":"\\\\Users\\\\minhhoang\\\\Workspace\\\\WorkSpace\\\\Docker\\\\Katalon-Container\\\\Sample Katalon\\\\TestSampleTest Cases\\\\TC_03.tc","description":"","startTime":1516589596638,"endTime":1516589597870,"childRecords":[{"testStatus":{"stackTrace":"","statusValue":"INFO"},"type":"MESSAGE","name":"","message":"Evaluating variables for test case","startTime":1516589596903,"endTime":0,"childRecords":[],"interuppted":false},{"index":1,"isIgnoredIfFailed":false,"type":"TEST_STEP","name":"Statement - println(\"This is sample test to run in docker\")","description":"","startTime":1516589597307,"endTime":1516589597312,"childRecords":[],"interuppted":false},{"index":2,"isIgnoredIfFailed":false,"type":"TEST_STEP","name":"openBrowser","message":"Opening browser","description":"","startTime":1516589597312,"endTime":1516589597870,"childRecords":[],"interuppted":true}],"interuppted":true}],"interuppted":true}