{"devicePlatform":"","logFolder":"/Users/minhhoang/Workspace/WorkSpace/Docker/Katalon-Container/TestSample/Reports/Non-GUI/20180125_133814","runData":{"hostName":"minhhoang - 192.168.10.148","hostAddress":"192.168.10.148","os":"Mac OS X 64bit","katalonVersion":"5.2.0.1"},"type":"TEST_SUITE","name":"Non-GUI","id":"Test Suites/Non-GUI","source":"","message":"Test Cases/TC_02 FAILED because (of) Unable to verify equal between actual object \u00271\u0027 and expected object \u00272\u0027 (Root cause: Actual object \u00271\u0027 and expected object \u00272\u0027 are not equal)","description":"","startTime":1516862297688,"endTime":1516862298739,"childRecords":[{"isOptional":false,"type":"TEST_CASE","name":"Test Cases/TC_01","id":"Test Cases/TC_01","source":"\\\\Users\\\\minhhoang\\\\Workspace\\\\WorkSpace\\\\Docker\\\\Katalon-Container\\\\TestSampleTest Cases\\\\TC_01.tc","message":"Test Cases/TC_01","description":"","startTime":1516862297986,"endTime":1516862298446,"childRecords":[{"testStatus":{"stackTrace":"","statusValue":"INFO"},"type":"MESSAGE","name":"","message":"Evaluating variables for test case","startTime":1516862298124,"endTime":0,"childRecords":[],"interuppted":false},{"index":1,"isIgnoredIfFailed":false,"type":"TEST_STEP","name":"Statement - println(\"This is sample test to run in docker\")","description":"","startTime":1516862298376,"endTime":1516862298381,"childRecords":[],"interuppted":false},{"index":2,"isIgnoredIfFailed":false,"type":"TEST_STEP","name":"verifyEqual","message":"Actual object \u00271\u0027 and expected object \u00271\u0027 are equal","description":"","startTime":1516862298381,"endTime":1516862298442,"childRecords":[{"testStatus":{"stackTrace":"","statusValue":"PASSED"},"type":"MESSAGE","name":"","message":"Actual object \u00271\u0027 and expected object \u00271\u0027 are equal","startTime":1516862298441,"endTime":0,"childRecords":[],"interuppted":false}],"interuppted":false},{"testStatus":{"stackTrace":"","statusValue":"PASSED"},"type":"MESSAGE","name":"","message":"Test Cases/TC_01","startTime":1516862298443,"endTime":0,"childRecords":[],"interuppted":false}],"interuppted":false},{"isOptional":false,"type":"TEST_CASE","name":"Test Cases/TC_02","id":"Test Cases/TC_02","source":"\\\\Users\\\\minhhoang\\\\Workspace\\\\WorkSpace\\\\Docker\\\\Katalon-Container\\\\TestSampleTest Cases\\\\TC_02.tc","message":"Test Cases/TC_02 FAILED because (of) Unable to verify equal between actual object \u00271\u0027 and expected object \u00272\u0027 (Root cause: Actual object \u00271\u0027 and expected object \u00272\u0027 are not equal)","description":"","startTime":1516862298501,"endTime":1516862298705,"childRecords":[{"testStatus":{"stackTrace":"","statusValue":"INFO"},"type":"MESSAGE","name":"","message":"Evaluating variables for test case","startTime":1516862298523,"endTime":0,"childRecords":[],"interuppted":false},{"index":1,"isIgnoredIfFailed":false,"type":"TEST_STEP","name":"Statement - println(\"This is sample test to run in docker\")","description":"","startTime":1516862298698,"endTime":1516862298699,"childRecords":[],"interuppted":false},{"index":2,"isIgnoredIfFailed":false,"type":"TEST_STEP","name":"verifyEqual","message":"Unable to verify equal between actual object \u00271\u0027 and expected object \u00272\u0027 (Root cause: Actual object \u00271\u0027 and expected object \u00272\u0027 are not equal)","description":"","startTime":1516862298700,"endTime":1516862298703,"childRecords":[{"testStatus":{"stackTrace":"","statusValue":"FAILED"},"type":"MESSAGE","name":"","message":"Unable to verify equal between actual object \u00271\u0027 and expected object \u00272\u0027 (Root cause: Actual object \u00271\u0027 and expected object \u00272\u0027 are not equal)","startTime":1516862298702,"endTime":0,"childRecords":[],"interuppted":false}],"interuppted":false},{"testStatus":{"stackTrace":"","statusValue":"FAILED"},"type":"MESSAGE","name":"","message":"Test Cases/TC_02 FAILED because (of) Unable to verify equal between actual object \u00271\u0027 and expected object \u00272\u0027 (Root cause: Actual object \u00271\u0027 and expected object \u00272\u0027 are not equal)","startTime":1516862298703,"endTime":0,"childRecords":[],"interuppted":false}],"interuppted":false}],"interuppted":false}