{"devicePlatform":"","logFolder":"/Users/minhhoang/Workspace/WorkSpace/Docker/Katalon-Container/TestSample/Reports/Non-GUI/20180122_102759","runData":{"hostName":"minhhoang - 192.168.10.100","hostAddress":"192.168.10.100","os":"Mac OS X 64bit","katalonVersion":"5.2.0.1"},"type":"TEST_SUITE","name":"Non-GUI","id":"Test Suites/Non-GUI","source":"","message":"Test Cases/TC_02 FAILED because (of) Unable to verify equal between actual object \u00271\u0027 and expected object \u00272\u0027 (Root cause: Actual object \u00271\u0027 and expected object \u00272\u0027 are not equal)","description":"","startTime":1516591682384,"endTime":1516591683255,"childRecords":[{"isOptional":false,"type":"TEST_CASE","name":"Test Cases/TC_01","id":"Test Cases/TC_01","source":"\\\\Users\\\\minhhoang\\\\Workspace\\\\WorkSpace\\\\Docker\\\\Katalon-Container\\\\TestSampleTest Cases\\\\TC_01.tc","message":"Test Cases/TC_01","description":"","startTime":1516591682661,"endTime":1516591683075,"childRecords":[{"testStatus":{"stackTrace":"","statusValue":"INFO"},"type":"MESSAGE","name":"","message":"Evaluating variables for test case","startTime":1516591682786,"endTime":0,"childRecords":[],"interuppted":false},{"index":1,"isIgnoredIfFailed":false,"type":"TEST_STEP","name":"Statement - println(\"This is sample test to run in docker\")","description":"","startTime":1516591683027,"endTime":1516591683031,"childRecords":[],"interuppted":false},{"index":2,"isIgnoredIfFailed":false,"type":"TEST_STEP","name":"verifyEqual","message":"Actual object \u00271\u0027 and expected object \u00271\u0027 are equal","description":"","startTime":1516591683033,"endTime":1516591683073,"childRecords":[{"testStatus":{"stackTrace":"","statusValue":"PASSED"},"type":"MESSAGE","name":"","message":"Actual object \u00271\u0027 and expected object \u00271\u0027 are equal","startTime":1516591683071,"endTime":0,"childRecords":[],"interuppted":false}],"interuppted":false},{"testStatus":{"stackTrace":"","statusValue":"PASSED"},"type":"MESSAGE","name":"","message":"Test Cases/TC_01","startTime":1516591683073,"endTime":0,"childRecords":[],"interuppted":false}],"interuppted":false},{"isOptional":false,"type":"TEST_CASE","name":"Test Cases/TC_02","id":"Test Cases/TC_02","source":"\\\\Users\\\\minhhoang\\\\Workspace\\\\WorkSpace\\\\Docker\\\\Katalon-Container\\\\TestSampleTest Cases\\\\TC_02.tc","message":"Test Cases/TC_02 FAILED because (of) Unable to verify equal between actual object \u00271\u0027 and expected object \u00272\u0027 (Root cause: Actual object \u00271\u0027 and expected object \u00272\u0027 are not equal)","description":"","startTime":1516591683130,"endTime":1516591683225,"childRecords":[{"testStatus":{"stackTrace":"","statusValue":"INFO"},"type":"MESSAGE","name":"","message":"Evaluating variables for test case","startTime":1516591683137,"endTime":0,"childRecords":[],"interuppted":false},{"index":1,"isIgnoredIfFailed":false,"type":"TEST_STEP","name":"Statement - println(\"This is sample test to run in docker\")","description":"","startTime":1516591683216,"endTime":1516591683217,"childRecords":[],"interuppted":false},{"index":2,"isIgnoredIfFailed":false,"type":"TEST_STEP","name":"verifyEqual","message":"Unable to verify equal between actual object \u00271\u0027 and expected object \u00272\u0027 (Root cause: Actual object \u00271\u0027 and expected object \u00272\u0027 are not equal)","description":"","startTime":1516591683217,"endTime":1516591683220,"childRecords":[{"testStatus":{"stackTrace":"","statusValue":"FAILED"},"type":"MESSAGE","name":"","message":"Unable to verify equal between actual object \u00271\u0027 and expected object \u00272\u0027 (Root cause: Actual object \u00271\u0027 and expected object \u00272\u0027 are not equal)","startTime":1516591683220,"endTime":0,"childRecords":[],"interuppted":false}],"interuppted":false},{"testStatus":{"stackTrace":"","statusValue":"FAILED"},"type":"MESSAGE","name":"","message":"Test Cases/TC_02 FAILED because (of) Unable to verify equal between actual object \u00271\u0027 and expected object \u00272\u0027 (Root cause: Actual object \u00271\u0027 and expected object \u00272\u0027 are not equal)","startTime":1516591683221,"endTime":0,"childRecords":[],"interuppted":false}],"interuppted":false}],"interuppted":false}