{"devicePlatform":"","logFolder":"/Users/minhhoang/Workspace/WorkSpace/Docker/Katalon-Container/TestSample/Reports/Non-GUI/20180122_103636","runData":{"hostName":"minhhoang - 192.168.10.100","hostAddress":"192.168.10.100","os":"Mac OS X 64bit","katalonVersion":"5.2.0.1"},"type":"TEST_SUITE","name":"Non-GUI","id":"Test Suites/Non-GUI","source":"","message":"Test Cases/TC_02 FAILED because (of) Unable to verify equal between actual object \u00271\u0027 and expected object \u00272\u0027 (Root cause: Actual object \u00271\u0027 and expected object \u00272\u0027 are not equal)","description":"","startTime":1516592199842,"endTime":1516592200704,"childRecords":[{"isOptional":false,"type":"TEST_CASE","name":"Test Cases/TC_01","id":"Test Cases/TC_01","source":"\\\\Users\\\\minhhoang\\\\Workspace\\\\WorkSpace\\\\Docker\\\\Katalon-Container\\\\TestSampleTest Cases\\\\TC_01.tc","message":"Test Cases/TC_01","description":"","startTime":1516592200123,"endTime":1516592200512,"childRecords":[{"testStatus":{"stackTrace":"","statusValue":"INFO"},"type":"MESSAGE","name":"","message":"Evaluating variables for test case","startTime":1516592200238,"endTime":0,"childRecords":[],"interuppted":false},{"index":1,"isIgnoredIfFailed":false,"type":"TEST_STEP","name":"Statement - println(\"This is sample test to run in docker\")","description":"","startTime":1516592200460,"endTime":1516592200465,"childRecords":[],"interuppted":false},{"index":2,"isIgnoredIfFailed":false,"type":"TEST_STEP","name":"verifyEqual","message":"Actual object \u00271\u0027 and expected object \u00271\u0027 are equal","description":"","startTime":1516592200466,"endTime":1516592200511,"childRecords":[{"testStatus":{"stackTrace":"","statusValue":"PASSED"},"type":"MESSAGE","name":"","message":"Actual object \u00271\u0027 and expected object \u00271\u0027 are equal","startTime":1516592200510,"endTime":0,"childRecords":[],"interuppted":false}],"interuppted":false},{"testStatus":{"stackTrace":"","statusValue":"PASSED"},"type":"MESSAGE","name":"","message":"Test Cases/TC_01","startTime":1516592200511,"endTime":0,"childRecords":[],"interuppted":false}],"interuppted":false},{"isOptional":false,"type":"TEST_CASE","name":"Test Cases/TC_02","id":"Test Cases/TC_02","source":"\\\\Users\\\\minhhoang\\\\Workspace\\\\WorkSpace\\\\Docker\\\\Katalon-Container\\\\TestSampleTest Cases\\\\TC_02.tc","message":"Test Cases/TC_02 FAILED because (of) Unable to verify equal between actual object \u00271\u0027 and expected object \u00272\u0027 (Root cause: Actual object \u00271\u0027 and expected object \u00272\u0027 are not equal)","description":"","startTime":1516592200570,"endTime":1516592200670,"childRecords":[{"testStatus":{"stackTrace":"","statusValue":"INFO"},"type":"MESSAGE","name":"","message":"Evaluating variables for test case","startTime":1516592200578,"endTime":0,"childRecords":[],"interuppted":false},{"index":1,"isIgnoredIfFailed":false,"type":"TEST_STEP","name":"Statement - println(\"This is sample test to run in docker\")","description":"","startTime":1516592200659,"endTime":1516592200660,"childRecords":[],"interuppted":false},{"index":2,"isIgnoredIfFailed":false,"type":"TEST_STEP","name":"verifyEqual","message":"Unable to verify equal between actual object \u00271\u0027 and expected object \u00272\u0027 (Root cause: Actual object \u00271\u0027 and expected object \u00272\u0027 are not equal)","description":"","startTime":1516592200662,"endTime":1516592200667,"childRecords":[{"testStatus":{"stackTrace":"","statusValue":"FAILED"},"type":"MESSAGE","name":"","message":"Unable to verify equal between actual object \u00271\u0027 and expected object \u00272\u0027 (Root cause: Actual object \u00271\u0027 and expected object \u00272\u0027 are not equal)","startTime":1516592200666,"endTime":0,"childRecords":[],"interuppted":false}],"interuppted":false},{"testStatus":{"stackTrace":"","statusValue":"FAILED"},"type":"MESSAGE","name":"","message":"Test Cases/TC_02 FAILED because (of) Unable to verify equal between actual object \u00271\u0027 and expected object \u00272\u0027 (Root cause: Actual object \u00271\u0027 and expected object \u00272\u0027 are not equal)","startTime":1516592200668,"endTime":0,"childRecords":[],"interuppted":false}],"interuppted":false}],"interuppted":false}